<?xml version="1.0" encoding="utf-8"?>
<eCitation>
   <meta type="rr"/>
   <uId id="CXR534"/>
   <pmcId id="534"/>
   <docSource>CXR</docSource>
   <IUXRId id="534"/>
   <licenseType>open-access</licenseType>
   <licenseURL>http://creativecommons.org/licenses/by-nc-nd/4.0/</licenseURL>
   <ccLicense>byncnd</ccLicense>
   <articleURL/>
   <articleDate>2013-08-01</articleDate>
   <articleType>XR</articleType>
   <publisher>Indiana University</publisher>
   <title>Indiana University Chest X-ray Collection</title>
   <note>The data are drawn from multiple hospital systems.</note>
   <specialty>pulmonary diseases</specialty>
   <subset>CXR</subset>
   <MedlineCitation Owner="Indiana University" Status="supplied by publisher">
   
      <Article PubModel="Electronic">
      
         <Journal>
         
            <JournalIssue>
            
               <PubDate>
               
                  <Year>2013</Year>
               
                  <Month>08</Month>
               
                  <Day>01</Day>
            
               </PubDate>
         
            </JournalIssue>
      
         </Journal>
      
         <ArticleTitle>Indiana University Chest X-ray Collection</ArticleTitle>
      
         <Abstract>
         
            <AbstractText Label="COMPARISON">None</AbstractText>
         
            <AbstractText Label="INDICATION">XXXX and hypoxia</AbstractText>
         
            <AbstractText Label="FINDINGS">The heart is normal in size. The mediastinum is unremarkable. Left perihilar scarring is noted in the upper lobe. Streaky opacities in the retrocardiac region XXXX reflect mild subsegmental atelectasis. There is no focal infiltrate or pleural effusion.</AbstractText>
         
            <AbstractText Label="IMPRESSION">Mild left-sided scarring/subsegmental atelectasis. No definite infiltrate.</AbstractText>
      
         </Abstract>
      
         <Affiliation>Indiana University</Affiliation>
      
         <AuthorList CompleteYN="Y">
         
            <Author ValidYN="Y">
            
               <LastName>Kohli</LastName>
            
               <ForeName>Marc</ForeName>
            
               <Initials>MD</Initials>
         
            </Author>
         
            <Author ValidYN="Y">
            
               <LastName>Rosenman</LastName>
            
               <ForeName>Marc</ForeName>
            
               <Initials>M</Initials>
         
            </Author>
      
         </AuthorList>
      
         <Language>eng</Language>
      
         <PublicationTypeList>
         
            <PublicationType>Radiology Report</PublicationType>
      
         </PublicationTypeList>
      
         <ArticleDate>
         
            <Year>2013</Year>
         
            <Month>08</Month>
         
            <Day>01</Day>
      
         </ArticleDate>
   
      </Article>
   
      <EssieArticleTitle>Indiana University Chest X-ray Collection</EssieArticleTitle>
   
      <IMedAuthor>Marc David Kohli MD</IMedAuthor>
   
      <IMedAuthor>Marc Rosenman M</IMedAuthor>

   </MedlineCitation>
   <MeSH>
   
      <major>Cicatrix/lung/upper lobe/hilum/left</major>
   
      <major>Opacity/retrocardiac/streaky</major>
   
      <major>Pulmonary Atelectasis/left/mild</major>
   
      <automatic>atelectases</automatic>
   
      <automatic>opacity</automatic>
   
      <automatic>scarring</automatic>
   
      <automatic>Atelectasis</automatic>
   
      <automatic>Scarring</automatic>

   </MeSH>
   <parentImage id="CXR534_IM-2141-1001">
      
      
      <figureId>F1</figureId>
      
      
      <caption>CHEST 2V FRONTAL/LATERAL </caption>
      
      
      <panel type="single">
         
         
         <url>/hadoop/storage/radiology/extract/CXR534_IM-2141-1001.jpg</url>
         
         
         <imgModality>7</imgModality>
         
         
         <region type="panel">
            
            
            <globalImageFeatures>
               
               
               <CEDD>f2p0k710</CEDD>
               
               
               <ColorLayout>f1p0k137</ColorLayout>
               
               
               <EdgeHistogram>f0p0k184</EdgeHistogram>
               
               
               <FCTH>f4p0k290</FCTH>
               
               
               <SemanticContext60>f3p0k74</SemanticContext60>
            
            
            </globalImageFeatures>
         
         
         </region>
      
      
      </panel>
   
   
   </parentImage>
   <parentImage id="CXR534_IM-2141-1002">
      
      
      <figureId>F2</figureId>
      
      
      <caption>CHEST 2V FRONTAL/LATERAL </caption>
      
      
      <panel type="single">
         
         
         <url>/hadoop/storage/radiology/extract/CXR534_IM-2141-1002.jpg</url>
         
         
         <imgModality>7</imgModality>
         
         
         <region type="panel">
            
            
            <globalImageFeatures>
               
               
               <CEDD>f2p0k377</CEDD>
               
               
               <ColorLayout>f1p0k76</ColorLayout>
               
               
               <EdgeHistogram>f0p0k666</EdgeHistogram>
               
               
               <FCTH>f4p0k290</FCTH>
               
               
               <SemanticContext60>f3p0k74</SemanticContext60>
            
            
            </globalImageFeatures>
         
         
         </region>
      
      
      </panel>
   
   
   </parentImage>
</eCitation>