<?xml version="1.0" encoding="utf-8"?>
<eCitation>
   <meta type="rr"/>
   <uId id="CXR576"/>
   <pmcId id="576"/>
   <docSource>CXR</docSource>
   <IUXRId id="576"/>
   <licenseType>open-access</licenseType>
   <licenseURL>http://creativecommons.org/licenses/by-nc-nd/4.0/</licenseURL>
   <ccLicense>byncnd</ccLicense>
   <articleURL/>
   <articleDate>2013-08-01</articleDate>
   <articleType>XR</articleType>
   <publisher>Indiana University</publisher>
   <title>Indiana University Chest X-ray Collection</title>
   <note>The data are drawn from multiple hospital systems.</note>
   <specialty>pulmonary diseases</specialty>
   <subset>CXR</subset>
   <MedlineCitation Owner="Indiana University" Status="supplied by publisher">
   
      <Article PubModel="Electronic">
      
         <Journal>
         
            <JournalIssue>
            
               <PubDate>
               
                  <Year>2013</Year>
               
                  <Month>08</Month>
               
                  <Day>01</Day>
            
               </PubDate>
         
            </JournalIssue>
      
         </Journal>
      
         <ArticleTitle>Indiana University Chest X-ray Collection</ArticleTitle>
      
         <Abstract>
         
            <AbstractText Label="COMPARISON">CT abdomen and pelvis XXXX, XXXX</AbstractText>
         
            <AbstractText Label="INDICATION">XXXX-year-old female with XXXX and leukocytosis</AbstractText>
         
            <AbstractText Label="FINDINGS">Exam limited by patient rotation. Mild rightward deviation of the trachea. Stable cardiomegaly. Unfolding of the thoracic aorta. Persistent right pleural effusion with adjacent atelectasis. Low lung volumes. No focal airspace consolidation. There is severe degenerative changes of the right shoulder.</AbstractText>
         
            <AbstractText Label="IMPRESSION">1. Right pleural effusion with adjacent atelectasis. 2. No definite findings of pneumonia.</AbstractText>
      
         </Abstract>
      
         <Affiliation>Indiana University</Affiliation>
      
         <AuthorList CompleteYN="Y">
         
            <Author ValidYN="Y">
            
               <LastName>Kohli</LastName>
            
               <ForeName>Marc</ForeName>
            
               <Initials>MD</Initials>
         
            </Author>
         
            <Author ValidYN="Y">
            
               <LastName>Rosenman</LastName>
            
               <ForeName>Marc</ForeName>
            
               <Initials>M</Initials>
         
            </Author>
      
         </AuthorList>
      
         <Language>eng</Language>
      
         <PublicationTypeList>
         
            <PublicationType>Radiology Report</PublicationType>
      
         </PublicationTypeList>
      
         <ArticleDate>
         
            <Year>2013</Year>
         
            <Month>08</Month>
         
            <Day>01</Day>
      
         </ArticleDate>
   
      </Article>
   
      <EssieArticleTitle>Indiana University Chest X-ray Collection</EssieArticleTitle>
   
      <IMedAuthor>Marc David Kohli MD</IMedAuthor>
   
      <IMedAuthor>Marc Rosenman M</IMedAuthor>

   </MedlineCitation>
   <MeSH>
   
      <major>Technical Quality of Image Unsatisfactory </major>
   
      <major>Trachea/right/tortuous/mild</major>
   
      <major>Cardiomegaly</major>
   
      <major>Aorta, Thoracic/tortuous</major>
   
      <major>Pleural Effusion/right</major>
   
      <major>Pulmonary Atelectasis/right</major>
   
      <major>Lung/hypoinflation</major>
   
      <major>Shoulder/right/degenerative/severe</major>
   
      <automatic>atelectases</automatic>
   
      <automatic>degenerative change</automatic>
   
      <automatic>pleural effusions</automatic>
   
      <automatic>Atelectasis</automatic>
   
      <automatic>Pleural Effusion</automatic>
   
      <automatic>Thoracic Aorta</automatic>

   </MeSH>
   <parentImage id="CXR576_IM-2174-1001">
      
      
      <figureId>F1</figureId>
      
      
      <caption>PA and Lateral Chest. XXXX, XXXX XXXX hours </caption>
      
      
      <panel type="single">
         
         
         <url>/hadoop/storage/radiology/extract/CXR576_IM-2174-1001.jpg</url>
         
         
         <imgModality>7</imgModality>
         
         
         <region type="panel">
            
            
            <globalImageFeatures>
               
               
               <CEDD>f2p0k710</CEDD>
               
               
               <ColorLayout>f1p0k137</ColorLayout>
               
               
               <EdgeHistogram>f0p0k338</EdgeHistogram>
               
               
               <FCTH>f4p0k2450</FCTH>
               
               
               <SemanticContext60>f3p0k277</SemanticContext60>
            
            
            </globalImageFeatures>
         
         
         </region>
      
      
      </panel>
   
   
   </parentImage>
   <parentImage id="CXR576_IM-2174-2001">
      
      
      <figureId>F2</figureId>
      
      
      <caption>PA and Lateral Chest. XXXX, XXXX XXXX hours </caption>
      
      
      <panel type="single">
         
         
         <url>/hadoop/storage/radiology/extract/CXR576_IM-2174-2001.jpg</url>
         
         
         <imgModality>7</imgModality>
         
         
         <region type="panel">
            
            
            <globalImageFeatures>
               
               
               <CEDD>f2p0k633</CEDD>
               
               
               <ColorLayout>f1p0k6</ColorLayout>
               
               
               <EdgeHistogram>f0p0k1179</EdgeHistogram>
               
               
               <FCTH>f4p0k369</FCTH>
               
               
               <SemanticContext60>f3p0k366</SemanticContext60>
            
            
            </globalImageFeatures>
         
         
         </region>
      
      
      </panel>
   
   
   </parentImage>
</eCitation>