<?xml version="1.0" encoding="utf-8"?>
<eCitation>
   <meta type="rr"/>
   <uId id="CXR597"/>
   <pmcId id="597"/>
   <docSource>CXR</docSource>
   <IUXRId id="597"/>
   <licenseType>open-access</licenseType>
   <licenseURL>http://creativecommons.org/licenses/by-nc-nd/4.0/</licenseURL>
   <ccLicense>byncnd</ccLicense>
   <articleURL/>
   <articleDate>2013-08-01</articleDate>
   <articleType>XR</articleType>
   <publisher>Indiana University</publisher>
   <title>Indiana University Chest X-ray Collection</title>
   <note>The data are drawn from multiple hospital systems.</note>
   <specialty>pulmonary diseases</specialty>
   <subset>CXR</subset>
   <MedlineCitation Owner="Indiana University" Status="supplied by publisher">
   
      <Article PubModel="Electronic">
      
         <Journal>
         
            <JournalIssue>
            
               <PubDate>
               
                  <Year>2013</Year>
               
                  <Month>08</Month>
               
                  <Day>01</Day>
            
               </PubDate>
         
            </JournalIssue>
      
         </Journal>
      
         <ArticleTitle>Indiana University Chest X-ray Collection</ArticleTitle>
      
         <Abstract>
         
            <AbstractText Label="COMPARISON">None</AbstractText>
         
            <AbstractText Label="INDICATION">XXXX-year-old female with right-sided pleuritic chest pain. Laparoscopic surgery yesterday.</AbstractText>
         
            <AbstractText Label="FINDINGS">There are XXXX bilateral lower lobe opacities. No pleural effusion. No pneumothorax is identified. Heart size and mediastinal contour are within normal limits. There is lucency beneath the diaphragm, consistent with pneumoperitoneum. Cholecystectomy clips are noted in the right upper quadrant.</AbstractText>
         
            <AbstractText Label="IMPRESSION">1. XXXX bilateral lower lobe opacities. The appearance XXXX subsegmental atelectasis. 2. Pneumoperitoneum, XXXX postoperative secondary to recent laparoscopic surgery.</AbstractText>
      
         </Abstract>
      
         <Affiliation>Indiana University</Affiliation>
      
         <AuthorList CompleteYN="Y">
         
            <Author ValidYN="Y">
            
               <LastName>Kohli</LastName>
            
               <ForeName>Marc</ForeName>
            
               <Initials>MD</Initials>
         
            </Author>
         
            <Author ValidYN="Y">
            
               <LastName>Rosenman</LastName>
            
               <ForeName>Marc</ForeName>
            
               <Initials>M</Initials>
         
            </Author>
      
         </AuthorList>
      
         <Language>eng</Language>
      
         <PublicationTypeList>
         
            <PublicationType>Radiology Report</PublicationType>
      
         </PublicationTypeList>
      
         <ArticleDate>
         
            <Year>2013</Year>
         
            <Month>08</Month>
         
            <Day>01</Day>
      
         </ArticleDate>
   
      </Article>
   
      <EssieArticleTitle>Indiana University Chest X-ray Collection</EssieArticleTitle>
   
      <IMedAuthor>Marc David Kohli MD</IMedAuthor>
   
      <IMedAuthor>Marc Rosenman M</IMedAuthor>

   </MedlineCitation>
   <MeSH>
   
      <major>Opacity/lung/lower lobe/bilateral</major>
   
      <major>Lucency/diaphragm</major>
   
      <major>Pneumoperitoneum</major>
   
      <major>Surgical Instruments</major>
   
      <major>Pulmonary Atelectasis/lower lobe/bilateral</major>
   
      <automatic>atelectases</automatic>
   
      <automatic>opacity</automatic>
   
      <automatic>pneumoperitoneum</automatic>
   
      <automatic>cholecystectomies</automatic>
   
      <automatic>laparoscopic surgery</automatic>
   
      <automatic>pneumoperitoneum</automatic>
   
      <automatic>Atelectasis</automatic>
   
      <automatic>Cholecystectomy</automatic>
   
      <automatic>Laparoscopic Surgery</automatic>
   
      <automatic>Pneumoperitoneum</automatic>
   
      <automatic>Postoperative Period</automatic>
   
      <automatic>surgery</automatic>

   </MeSH>
   <parentImage id="CXR597_IM-2189-2001">
      
      
      <figureId>F2</figureId>
      
      
      <caption>Xray Chest PA and Lateral</caption>
      
      
      <panel type="single">
         
         
         <url>/hadoop/storage/radiology/extract/CXR597_IM-2189-2001.jpg</url>
         
         
         <imgModality>7</imgModality>
         
         
         <region type="panel">
            
            
            <globalImageFeatures>
               
               
               <CEDD>f2p0k377</CEDD>
               
               
               <ColorLayout>f1p0k36</ColorLayout>
               
               
               <EdgeHistogram>f0p0k666</EdgeHistogram>
               
               
               <FCTH>f4p0k1155</FCTH>
               
               
               <SemanticContext60>f3p0k230</SemanticContext60>
            
            
            </globalImageFeatures>
         
         
         </region>
      
      
      </panel>
   
   
   </parentImage>
</eCitation>