<?xml version="1.0" encoding="utf-8"?>
<eCitation>
   <meta type="rr"/>
   <uId id="CXR628"/>
   <pmcId id="628"/>
   <docSource>CXR</docSource>
   <IUXRId id="628"/>
   <licenseType>open-access</licenseType>
   <licenseURL>http://creativecommons.org/licenses/by-nc-nd/4.0/</licenseURL>
   <ccLicense>byncnd</ccLicense>
   <articleURL/>
   <articleDate>2013-08-01</articleDate>
   <articleType>XR</articleType>
   <publisher>Indiana University</publisher>
   <title>Indiana University Chest X-ray Collection</title>
   <note>The data are drawn from multiple hospital systems.</note>
   <specialty>pulmonary diseases</specialty>
   <subset>CXR</subset>
   <MedlineCitation Owner="Indiana University" Status="supplied by publisher">
   
      <Article PubModel="Electronic">
      
         <Journal>
         
            <JournalIssue>
            
               <PubDate>
               
                  <Year>2013</Year>
               
                  <Month>08</Month>
               
                  <Day>01</Day>
            
               </PubDate>
         
            </JournalIssue>
      
         </Journal>
      
         <ArticleTitle>Indiana University Chest X-ray Collection</ArticleTitle>
      
         <Abstract>
         
            <AbstractText Label="COMPARISON">XXXX, XXXX.</AbstractText>
         
            <AbstractText Label="INDICATION">Shortness of breath with XXXX for 4 days. History of COPD.</AbstractText>
         
            <AbstractText Label="FINDINGS">Frontal and lateral views of the chest with overlying external cardiac monitor leads show an unchanged cardiomediastinal silhouette. Cardiac silhouette at the upper limits of normal in size. Tortuous ectatic aorta. The aortic XXXX is near 5 cm in diameter. There is a retrocardiac left paraspinal bulge concerning for a descending thoracic aortic aneurysm. There is biapical scarring. No XXXX focal airspace consolidation or pleural effusion. XXXX spine spondylitic changes.</AbstractText>
         
            <AbstractText Label="IMPRESSION">1. Stable aneurysmal enlargement of the XXXX and descending aorta. Chest CTA could be obtained as a XXXX. 2. Borderline heart size. 3. No acute pulmonary disease process.</AbstractText>
      
         </Abstract>
      
         <Affiliation>Indiana University</Affiliation>
      
         <AuthorList CompleteYN="Y">
         
            <Author ValidYN="Y">
            
               <LastName>Kohli</LastName>
            
               <ForeName>Marc</ForeName>
            
               <Initials>MD</Initials>
         
            </Author>
         
            <Author ValidYN="Y">
            
               <LastName>Rosenman</LastName>
            
               <ForeName>Marc</ForeName>
            
               <Initials>M</Initials>
         
            </Author>
      
         </AuthorList>
      
         <Language>eng</Language>
      
         <PublicationTypeList>
         
            <PublicationType>Radiology Report</PublicationType>
      
         </PublicationTypeList>
      
         <ArticleDate>
         
            <Year>2013</Year>
         
            <Month>08</Month>
         
            <Day>01</Day>
      
         </ArticleDate>
   
      </Article>
   
      <EssieArticleTitle>Indiana University Chest X-ray Collection</EssieArticleTitle>
   
      <IMedAuthor>Marc David Kohli MD</IMedAuthor>
   
      <IMedAuthor>Marc Rosenman M</IMedAuthor>

   </MedlineCitation>
   <MeSH>
   
      <major>Aorta/tortuous</major>
   
      <major>Aortic Aneurysm/aorta, thoracic</major>
   
      <major>Cicatrix/lung/apex/bilateral</major>
   
      <major>Spondylosis/spine</major>
   
      <major>Aorta/retrocardiac/enlarged</major>
   
      <major>Medical Device</major>
   
      <automatic>scarring</automatic>
   
      <automatic>cardiac monitor</automatic>
   
      <automatic>Aortic Aneurysm, Thoracic</automatic>

   </MeSH>
   <parentImage id="CXR628_IM-2208-3001">
      
      
      <figureId>F1</figureId>
      
      
      <caption>CHEST, Two (2) Views XXXX, XXXX at XXXX hours.</caption>
      
      
      <panel type="single">
         
         
         <url>/hadoop/storage/radiology/extract/CXR628_IM-2208-3001.jpg</url>
         
         
         <imgModality>7</imgModality>
         
         
         <region type="panel">
            
            
            <globalImageFeatures>
               
               
               <CEDD>f2p0k377</CEDD>
               
               
               <ColorLayout>f1p0k36</ColorLayout>
               
               
               <EdgeHistogram>f0p0k518</EdgeHistogram>
               
               
               <FCTH>f4p0k1155</FCTH>
               
               
               <SemanticContext60>f3p0k76</SemanticContext60>
            
            
            </globalImageFeatures>
         
         
         </region>
      
      
      </panel>
   
   
   </parentImage>
   <parentImage id="CXR628_IM-2208-4001">
      
      
      <figureId>F2</figureId>
      
      
      <caption>CHEST, Two (2) Views XXXX, XXXX at XXXX hours.</caption>
      
      
      <panel type="single">
         
         
         <url>/hadoop/storage/radiology/extract/CXR628_IM-2208-4001.jpg</url>
         
         
         <imgModality>7</imgModality>
         
         
         <region type="panel">
            
            
            <globalImageFeatures>
               
               
               <CEDD>f2p0k750</CEDD>
               
               
               <ColorLayout>f1p0k36</ColorLayout>
               
               
               <EdgeHistogram>f0p0k184</EdgeHistogram>
               
               
               <FCTH>f4p0k28</FCTH>
               
               
               <SemanticContext60>f3p0k181</SemanticContext60>
            
            
            </globalImageFeatures>
         
         
         </region>
      
      
      </panel>
   
   
   </parentImage>
</eCitation>