<?xml version="1.0" encoding="utf-8"?>
<eCitation>
   <meta type="rr"/>
   <uId id="CXR647"/>
   <pmcId id="647"/>
   <docSource>CXR</docSource>
   <IUXRId id="647"/>
   <licenseType>open-access</licenseType>
   <licenseURL>http://creativecommons.org/licenses/by-nc-nd/4.0/</licenseURL>
   <ccLicense>byncnd</ccLicense>
   <articleURL/>
   <articleDate>2013-08-01</articleDate>
   <articleType>XR</articleType>
   <publisher>Indiana University</publisher>
   <title>Indiana University Chest X-ray Collection</title>
   <note>The data are drawn from multiple hospital systems.</note>
   <specialty>pulmonary diseases</specialty>
   <subset>CXR</subset>
   <MedlineCitation Owner="Indiana University" Status="supplied by publisher">
   
      <Article PubModel="Electronic">
      
         <Journal>
         
            <JournalIssue>
            
               <PubDate>
               
                  <Year>2013</Year>
               
                  <Month>08</Month>
               
                  <Day>01</Day>
            
               </PubDate>
         
            </JournalIssue>
      
         </Journal>
      
         <ArticleTitle>Indiana University Chest X-ray Collection</ArticleTitle>
      
         <Abstract>
         
            <AbstractText Label="COMPARISON">XXXX, XXXX</AbstractText>
         
            <AbstractText Label="INDICATION">Shortness of breath</AbstractText>
         
            <AbstractText Label="FINDINGS">There is mild blunting of the costophrenic XXXX. There is right basilar airspace disease. There is no pneumothorax. The cardiac mediastinal silhouettes are normal. Pulmonary XXXX are slightly prominent. Calcified hilar lymph XXXX. No acute bony abnormalities.</AbstractText>
         
            <AbstractText Label="IMPRESSION">Right basilar infiltrate or atelectasis, and XXXX bilateral pleural effusions.</AbstractText>
      
         </Abstract>
      
         <Affiliation>Indiana University</Affiliation>
      
         <AuthorList CompleteYN="Y">
         
            <Author ValidYN="Y">
            
               <LastName>Kohli</LastName>
            
               <ForeName>Marc</ForeName>
            
               <Initials>MD</Initials>
         
            </Author>
         
            <Author ValidYN="Y">
            
               <LastName>Rosenman</LastName>
            
               <ForeName>Marc</ForeName>
            
               <Initials>M</Initials>
         
            </Author>
      
         </AuthorList>
      
         <Language>eng</Language>
      
         <PublicationTypeList>
         
            <PublicationType>Radiology Report</PublicationType>
      
         </PublicationTypeList>
      
         <ArticleDate>
         
            <Year>2013</Year>
         
            <Month>08</Month>
         
            <Day>01</Day>
      
         </ArticleDate>
   
      </Article>
   
      <EssieArticleTitle>Indiana University Chest X-ray Collection</EssieArticleTitle>
   
      <IMedAuthor>Marc David Kohli MD</IMedAuthor>
   
      <IMedAuthor>Marc Rosenman M</IMedAuthor>

   </MedlineCitation>
   <MeSH>
   
      <major>Costophrenic Angle/blunted/mild</major>
   
      <major>Airspace Disease/lung/base/right</major>
   
      <major>Calcinosis/lung/hilum/lymph nodes</major>
   
      <major>Infiltrate/lung/base/right</major>
   
      <major>Pulmonary Atelectasis/base/right</major>
   
      <major>Pleural Effusion/bilateral</major>
   
      <automatic>atelectases</automatic>
   
      <automatic>bilateral pleural effusion</automatic>
   
      <automatic>infiltrates</automatic>
   
      <automatic>Atelectasis</automatic>
   
      <automatic>Pleural Effusion</automatic>

   </MeSH>
   <parentImage id="CXR647_IM-2225-2001">
      
      
      <figureId>F2</figureId>
      
      
      <caption>PA and lateral chest radiograph (2 views) (2 images) </caption>
      
      
      <panel type="single">
         
         
         <url>/hadoop/storage/radiology/extract/CXR647_IM-2225-2001.jpg</url>
         
         
         <imgModality>7</imgModality>
         
         
         <region type="panel">
            
            
            <globalImageFeatures>
               
               
               <CEDD>f2p0k166</CEDD>
               
               
               <ColorLayout>f1p0k36</ColorLayout>
               
               
               <EdgeHistogram>f0p0k518</EdgeHistogram>
               
               
               <FCTH>f4p0k1142</FCTH>
               
               
               <SemanticContext60>f3p0k223</SemanticContext60>
            
            
            </globalImageFeatures>
         
         
         </region>
      
      
      </panel>
   
   
   </parentImage>
</eCitation>