<?xml version="1.0" encoding="utf-8"?>
<eCitation>
   <meta type="rr"/>
   <uId id="CXR650"/>
   <pmcId id="650"/>
   <docSource>CXR</docSource>
   <IUXRId id="650"/>
   <licenseType>open-access</licenseType>
   <licenseURL>http://creativecommons.org/licenses/by-nc-nd/4.0/</licenseURL>
   <ccLicense>byncnd</ccLicense>
   <articleURL/>
   <articleDate>2013-08-01</articleDate>
   <articleType>XR</articleType>
   <publisher>Indiana University</publisher>
   <title>Indiana University Chest X-ray Collection</title>
   <note>The data are drawn from multiple hospital systems.</note>
   <specialty>pulmonary diseases</specialty>
   <subset>CXR</subset>
   <MedlineCitation Owner="Indiana University" Status="supplied by publisher">
   
      <Article PubModel="Electronic">
      
         <Journal>
         
            <JournalIssue>
            
               <PubDate>
               
                  <Year>2013</Year>
               
                  <Month>08</Month>
               
                  <Day>01</Day>
            
               </PubDate>
         
            </JournalIssue>
      
         </Journal>
      
         <ArticleTitle>Indiana University Chest X-ray Collection</ArticleTitle>
      
         <Abstract>
         
            <AbstractText Label="COMPARISON">CT chest XXXX</AbstractText>
         
            <AbstractText Label="INDICATION">The patient is a XXXX-year-old female admitted for fractures (multiple), examination for ECF placement.</AbstractText>
         
            <AbstractText Label="FINDINGS">Rotated examination. Tortuous aorta. Moderate right-sided pleural effusion, small left sided. No pneumothorax. Mixed nodular interstitial opacities distributed through bilateral lungs, right greater than left. Cardiomediastinal silhouette is mildly enlarged. Obliquely oriented left humeral neck fracture, transverse, with 5 mm displacement of the distal fragment. Limited evaluation of the aorto iliac stent. No cavitary lesion to suggest. active tuberculosis. Large hiatal hernia.</AbstractText>
         
            <AbstractText Label="IMPRESSION">1. Moderate right-sided pleural effusion. 2. No cavitary lung changes to suggest active tuberculosis. The airspace opacities in right upper lobe seen on XXXX chest are not visualized on this study which could be due to difference in technique and patient rotation. 3. Cardiomegaly with prominent aorta which may be accentuated due to AP view. 4. Left humerus fracture. .</AbstractText>
      
         </Abstract>
      
         <Affiliation>Indiana University</Affiliation>
      
         <AuthorList CompleteYN="Y">
         
            <Author ValidYN="Y">
            
               <LastName>Kohli</LastName>
            
               <ForeName>Marc</ForeName>
            
               <Initials>MD</Initials>
         
            </Author>
         
            <Author ValidYN="Y">
            
               <LastName>Rosenman</LastName>
            
               <ForeName>Marc</ForeName>
            
               <Initials>M</Initials>
         
            </Author>
      
         </AuthorList>
      
         <Language>eng</Language>
      
         <PublicationTypeList>
         
            <PublicationType>Radiology Report</PublicationType>
      
         </PublicationTypeList>
      
         <ArticleDate>
         
            <Year>2013</Year>
         
            <Month>08</Month>
         
            <Day>01</Day>
      
         </ArticleDate>
   
      </Article>
   
      <EssieArticleTitle>Indiana University Chest X-ray Collection</EssieArticleTitle>
   
      <IMedAuthor>Marc David Kohli MD</IMedAuthor>
   
      <IMedAuthor>Marc Rosenman M</IMedAuthor>

   </MedlineCitation>
   <MeSH>
   
      <major>Technical Quality of Image Unsatisfactory </major>
   
      <major>Aorta/tortuous</major>
   
      <major>Pleural Effusion/right/moderate</major>
   
      <major>Pleural Effusion/left/small</major>
   
      <major>Opacity/lung/bilateral/interstitial</major>
   
      <major>Nodule/lung/bilateral/interstitial</major>
   
      <major>Cardiac Shadow/enlarged/mild</major>
   
      <major>Fractures, Bone/humerus/left</major>
   
      <major>Stents</major>
   
      <major>Hernia, Hiatal/large</major>
   
      <major>Cardiomegaly</major>
   
      <major>Aorta/prominent</major>
   
      <automatic>fracture</automatic>
   
      <automatic>large hiatal hernia</automatic>
   
      <automatic>opacity</automatic>
   
      <automatic>right-sided pleural effusion</automatic>
   
      <automatic>tortuous aorta</automatic>
   
      <automatic>Aorta</automatic>
   
      <automatic>Cardiomegaly</automatic>
   
      <automatic>Humeral Fracture</automatic>
   
      <automatic>Humerus</automatic>
   
      <automatic>Pleural Effusion</automatic>

   </MeSH>
   <parentImage id="CXR650_IM-2228-2001">
      
      
      <figureId>F1</figureId>
      
      
      <caption>Xray Chest PA and Lateral</caption>
      
      
      <panel type="single">
         
         
         <url>/hadoop/storage/radiology/extract/CXR650_IM-2228-2001.jpg</url>
         
         
         <imgModality>7</imgModality>
         
         
         <region type="panel">
            
            
            <globalImageFeatures>
               
               
               <CEDD>f2p0k974</CEDD>
               
               
               <ColorLayout>f1p0k147</ColorLayout>
               
               
               <EdgeHistogram>f0p0k1115</EdgeHistogram>
               
               
               <FCTH>f4p0k1271</FCTH>
               
               
               <SemanticContext60>f3p0k228</SemanticContext60>
            
            
            </globalImageFeatures>
         
         
         </region>
      
      
      </panel>
   
   
   </parentImage>
   <parentImage id="CXR650_IM-2228-4001">
      
      
      <figureId>F2</figureId>
      
      
      <caption>Xray Chest PA and Lateral</caption>
      
      
      <panel type="single">
         
         
         <url>/hadoop/storage/radiology/extract/CXR650_IM-2228-4001.jpg</url>
         
         
         <imgModality>7</imgModality>
         
         
         <region type="panel">
            
            
            <globalImageFeatures>
               
               
               <CEDD>f2p0k1013</CEDD>
               
               
               <ColorLayout>f1p0k36</ColorLayout>
               
               
               <EdgeHistogram>f0p0k184</EdgeHistogram>
               
               
               <FCTH>f4p0k1142</FCTH>
               
               
               <SemanticContext60>f3p0k238</SemanticContext60>
            
            
            </globalImageFeatures>
         
         
         </region>
      
      
      </panel>
   
   
   </parentImage>
</eCitation>