<?xml version="1.0" encoding="utf-8"?>
<eCitation>
   <meta type="rr"/>
   <uId id="CXR678"/>
   <pmcId id="678"/>
   <docSource>CXR</docSource>
   <IUXRId id="678"/>
   <licenseType>open-access</licenseType>
   <licenseURL>http://creativecommons.org/licenses/by-nc-nd/4.0/</licenseURL>
   <ccLicense>byncnd</ccLicense>
   <articleURL/>
   <articleDate>2013-08-01</articleDate>
   <articleType>XR</articleType>
   <publisher>Indiana University</publisher>
   <title>Indiana University Chest X-ray Collection</title>
   <note>The data are drawn from multiple hospital systems.</note>
   <specialty>pulmonary diseases</specialty>
   <subset>CXR</subset>
   <MedlineCitation Owner="Indiana University" Status="supplied by publisher">
   
      <Article PubModel="Electronic">
      
         <Journal>
         
            <JournalIssue>
            
               <PubDate>
               
                  <Year>2013</Year>
               
                  <Month>08</Month>
               
                  <Day>01</Day>
            
               </PubDate>
         
            </JournalIssue>
      
         </Journal>
      
         <ArticleTitle>Indiana University Chest X-ray Collection</ArticleTitle>
      
         <Abstract>
         
            <AbstractText Label="COMPARISON"/>
         
            <AbstractText Label="INDICATION"/>
         
            <AbstractText Label="FINDINGS">There is interval removal of gastric suction tube. Otherwise lines and tubes are unchanged. XXXX tube has also been removed. There is no pneumothorax. There is interval decrease/improvement of pulmonary vascular congestion and interstitial edema with residual nodular opacity at the right lower lobe. No XXXX focal consolidation identified. Heart and mediastinum are normal. No large effusion. Osseous structures and soft tissues are normal.</AbstractText>
         
            <AbstractText Label="IMPRESSION">Interval decrease of pulmonary vascular congestion and edema.</AbstractText>
      
         </Abstract>
      
         <Affiliation>Indiana University</Affiliation>
      
         <AuthorList CompleteYN="Y">
         
            <Author ValidYN="Y">
            
               <LastName>Kohli</LastName>
            
               <ForeName>Marc</ForeName>
            
               <Initials>MD</Initials>
         
            </Author>
         
            <Author ValidYN="Y">
            
               <LastName>Rosenman</LastName>
            
               <ForeName>Marc</ForeName>
            
               <Initials>M</Initials>
         
            </Author>
      
         </AuthorList>
      
         <Language>eng</Language>
      
         <PublicationTypeList>
         
            <PublicationType>Radiology Report</PublicationType>
      
         </PublicationTypeList>
      
         <ArticleDate>
         
            <Year>2013</Year>
         
            <Month>08</Month>
         
            <Day>01</Day>
      
         </ArticleDate>
   
      </Article>
   
      <EssieArticleTitle>Indiana University Chest X-ray Collection</EssieArticleTitle>
   
      <IMedAuthor>Marc David Kohli MD</IMedAuthor>
   
      <IMedAuthor>Marc Rosenman M</IMedAuthor>

   </MedlineCitation>
   <MeSH>
   
      <major>Opacity/lung/lower lobe/right</major>
   
      <major>Nodule/lung/lower lobe/right</major>
   
      <major>Pulmonary Congestion</major>
   
      <major>Pulmonary Edema/interstitial</major>
   
      <major>Surgical Instruments</major>
   
      <automatic>congestion</automatic>
   
      <automatic>edemas</automatic>
   
      <automatic>opacity</automatic>
   
      <automatic>Edema</automatic>
   
      <automatic>Pulmonary Edema</automatic>

   </MeSH>
</eCitation>