<?xml version="1.0" encoding="utf-8"?>
<eCitation>
   <meta type="rr"/>
   <uId id="CXR695"/>
   <pmcId id="695"/>
   <docSource>CXR</docSource>
   <IUXRId id="695"/>
   <licenseType>open-access</licenseType>
   <licenseURL>http://creativecommons.org/licenses/by-nc-nd/4.0/</licenseURL>
   <ccLicense>byncnd</ccLicense>
   <articleURL/>
   <articleDate>2013-08-01</articleDate>
   <articleType>XR</articleType>
   <publisher>Indiana University</publisher>
   <title>Indiana University Chest X-ray Collection</title>
   <note>The data are drawn from multiple hospital systems.</note>
   <specialty>pulmonary diseases</specialty>
   <subset>CXR</subset>
   <MedlineCitation Owner="Indiana University" Status="supplied by publisher">
   
      <Article PubModel="Electronic">
      
         <Journal>
         
            <JournalIssue>
            
               <PubDate>
               
                  <Year>2013</Year>
               
                  <Month>08</Month>
               
                  <Day>01</Day>
            
               </PubDate>
         
            </JournalIssue>
      
         </Journal>
      
         <ArticleTitle>Indiana University Chest X-ray Collection</ArticleTitle>
      
         <Abstract>
         
            <AbstractText Label="COMPARISON">CT scan XXXX, XXXX</AbstractText>
         
            <AbstractText Label="INDICATION">Bronchiectasis with acute exacerbation.</AbstractText>
         
            <AbstractText Label="FINDINGS">There is persistent mild elevation right hemidiaphragm. There is suggestion of subtle patchy opacities in lower lung XXXX bilaterally. This is XXXX to be similar to XXXX scan. The heart is normal. The aorta is calcified and tortuous. The skeletal structures show scoliosis and arthritic changes.</AbstractText>
         
            <AbstractText Label="IMPRESSION">COPD and chronic opacities more pronounced in the lower lung XXXX.</AbstractText>
      
         </Abstract>
      
         <Affiliation>Indiana University</Affiliation>
      
         <AuthorList CompleteYN="Y">
         
            <Author ValidYN="Y">
            
               <LastName>Kohli</LastName>
            
               <ForeName>Marc</ForeName>
            
               <Initials>MD</Initials>
         
            </Author>
         
            <Author ValidYN="Y">
            
               <LastName>Rosenman</LastName>
            
               <ForeName>Marc</ForeName>
            
               <Initials>M</Initials>
         
            </Author>
      
         </AuthorList>
      
         <Language>eng</Language>
      
         <PublicationTypeList>
         
            <PublicationType>Radiology Report</PublicationType>
      
         </PublicationTypeList>
      
         <ArticleDate>
         
            <Year>2013</Year>
         
            <Month>08</Month>
         
            <Day>01</Day>
      
         </ArticleDate>
   
      </Article>
   
      <EssieArticleTitle>Indiana University Chest X-ray Collection</EssieArticleTitle>
   
      <IMedAuthor>Marc David Kohli MD</IMedAuthor>
   
      <IMedAuthor>Marc Rosenman M</IMedAuthor>

   </MedlineCitation>
   <MeSH>
   
      <major>Diaphragm/right/elevated/mild</major>
   
      <major>Opacity/lung/lower lobe/bilateral/patchy</major>
   
      <major>Calcinosis/aorta</major>
   
      <major>Aorta/tortuous</major>
   
      <major>Scoliosis</major>
   
      <major>Arthritis</major>
   
      <major>Pulmonary Disease, Chronic Obstructive</major>
   
      <automatic>arthritic changes</automatic>
   
      <automatic>copd</automatic>
   
      <automatic>opacity</automatic>
   
      <automatic>scolioses</automatic>
   
      <automatic>Pulmonary Disease, Chronic Obstructive</automatic>
   
      <automatic>Scoliosis</automatic>

   </MeSH>
   <parentImage id="CXR695_IM-2261-1001">
      
      
      <figureId>F1</figureId>
      
      
      <caption>PA and lateral chest XXXX XXXX hours.</caption>
      
      
      <panel type="single">
         
         
         <url>/hadoop/storage/radiology/extract/CXR695_IM-2261-1001.jpg</url>
         
         
         <imgModality>7</imgModality>
         
         
         <region type="panel">
            
            
            <globalImageFeatures>
               
               
               <CEDD>f2p0k1598</CEDD>
               
               
               <ColorLayout>f1p0k36</ColorLayout>
               
               
               <EdgeHistogram>f0p0k184</EdgeHistogram>
               
               
               <FCTH>f4p0k1155</FCTH>
               
               
               <SemanticContext60>f3p0k74</SemanticContext60>
            
            
            </globalImageFeatures>
         
         
         </region>
      
      
      </panel>
   
   
   </parentImage>
   <parentImage id="CXR695_IM-2261-2001">
      
      
      <figureId>F2</figureId>
      
      
      <caption>PA and lateral chest XXXX XXXX hours.</caption>
      
      
      <panel type="single">
         
         
         <url>/hadoop/storage/radiology/extract/CXR695_IM-2261-2001.jpg</url>
         
         
         <imgModality>7</imgModality>
         
         
         <region type="panel">
            
            
            <globalImageFeatures>
               
               
               <CEDD>f2p0k68</CEDD>
               
               
               <ColorLayout>f1p0k66</ColorLayout>
               
               
               <EdgeHistogram>f0p0k593</EdgeHistogram>
               
               
               <FCTH>f4p0k1155</FCTH>
               
               
               <SemanticContext60>f3p0k230</SemanticContext60>
            
            
            </globalImageFeatures>
         
         
         </region>
      
      
      </panel>
   
   
   </parentImage>
</eCitation>