<?xml version="1.0" encoding="utf-8"?>
<eCitation>
   <meta type="rr"/>
   <uId id="CXR699"/>
   <pmcId id="699"/>
   <docSource>CXR</docSource>
   <IUXRId id="699"/>
   <licenseType>open-access</licenseType>
   <licenseURL>http://creativecommons.org/licenses/by-nc-nd/4.0/</licenseURL>
   <ccLicense>byncnd</ccLicense>
   <articleURL/>
   <articleDate>2013-08-01</articleDate>
   <articleType>XR</articleType>
   <publisher>Indiana University</publisher>
   <title>Indiana University Chest X-ray Collection</title>
   <note>The data are drawn from multiple hospital systems.</note>
   <specialty>pulmonary diseases</specialty>
   <subset>CXR</subset>
   <MedlineCitation Owner="Indiana University" Status="supplied by publisher">
   
      <Article PubModel="Electronic">
      
         <Journal>
         
            <JournalIssue>
            
               <PubDate>
               
                  <Year>2013</Year>
               
                  <Month>08</Month>
               
                  <Day>01</Day>
            
               </PubDate>
         
            </JournalIssue>
      
         </Journal>
      
         <ArticleTitle>Indiana University Chest X-ray Collection</ArticleTitle>
      
         <Abstract>
         
            <AbstractText Label="COMPARISON">XXXX</AbstractText>
         
            <AbstractText Label="INDICATION">XXXX-year-old male, chest pain</AbstractText>
         
            <AbstractText Label="FINDINGS">Stable enlargement of the cardiac silhouette, stable mediastinal contours. Increased interstitial markings in the central lungs and bases, right greater than left. XXXX opacity on the lateral view over the heart also present on the previous exam suggesting chronic subsegmental atelectasis or scarring. No definite pleural effusion seen.</AbstractText>
         
            <AbstractText Label="IMPRESSION">Cardiomegaly and increased interstitial opacities which may be compatible with mild pulmonary edema, differential diagnosis includes infection, inflammation, aspiration</AbstractText>
      
         </Abstract>
      
         <Affiliation>Indiana University</Affiliation>
      
         <AuthorList CompleteYN="Y">
         
            <Author ValidYN="Y">
            
               <LastName>Kohli</LastName>
            
               <ForeName>Marc</ForeName>
            
               <Initials>MD</Initials>
         
            </Author>
         
            <Author ValidYN="Y">
            
               <LastName>Rosenman</LastName>
            
               <ForeName>Marc</ForeName>
            
               <Initials>M</Initials>
         
            </Author>
      
         </AuthorList>
      
         <Language>eng</Language>
      
         <PublicationTypeList>
         
            <PublicationType>Radiology Report</PublicationType>
      
         </PublicationTypeList>
      
         <ArticleDate>
         
            <Year>2013</Year>
         
            <Month>08</Month>
         
            <Day>01</Day>
      
         </ArticleDate>
   
      </Article>
   
      <EssieArticleTitle>Indiana University Chest X-ray Collection</EssieArticleTitle>
   
      <IMedAuthor>Marc David Kohli MD</IMedAuthor>
   
      <IMedAuthor>Marc Rosenman M</IMedAuthor>

   </MedlineCitation>
   <MeSH>
   
      <major>Cardiomegaly</major>
   
      <major>Cardiac Shadow/enlarged</major>
   
      <major>Opacity/lung/interstitial</major>
   
      <major>Markings/lung/base/bilateral/interstitial</major>
   
      <major>Markings/lung/middle lobe/bilateral/interstitial</major>
   
      <automatic>aspiration</automatic>
   
      <automatic>atelectases</automatic>
   
      <automatic>infection</automatic>
   
      <automatic>opacity</automatic>
   
      <automatic>pulmonary edema</automatic>
   
      <automatic>scarring</automatic>
   
      <automatic>Cardiomegaly</automatic>
   
      <automatic>Inflammation</automatic>
   
      <automatic>Pulmonary Atelectasis</automatic>
   
      <automatic>Pulmonary Edema</automatic>
   
      <automatic>Respiratory Tract Diseases</automatic>

   </MeSH>
   <parentImage id="CXR699_IM-2263-1001">
      
      
      <figureId>F1</figureId>
      
      
      <caption>AP and lateral chest</caption>
      
      
      <panel type="single">
         
         
         <url>/hadoop/storage/radiology/extract/CXR699_IM-2263-1001.jpg</url>
         
         
         <imgModality>7</imgModality>
         
         
         <region type="panel">
            
            
            <globalImageFeatures>
               
               
               <CEDD>f2p0k710</CEDD>
               
               
               <ColorLayout>f1p0k137</ColorLayout>
               
               
               <EdgeHistogram>f0p0k338</EdgeHistogram>
               
               
               <FCTH>f4p0k2450</FCTH>
               
               
               <SemanticContext60>f3p0k74</SemanticContext60>
            
            
            </globalImageFeatures>
         
         
         </region>
      
      
      </panel>
   
   
   </parentImage>
   <parentImage id="CXR699_IM-2263-2001">
      
      
      <figureId>F2</figureId>
      
      
      <caption>AP and lateral chest</caption>
      
      
      <panel type="single">
         
         
         <url>/hadoop/storage/radiology/extract/CXR699_IM-2263-2001.jpg</url>
         
         
         <imgModality>7</imgModality>
         
         
         <region type="panel">
            
            
            <globalImageFeatures>
               
               
               <CEDD>f2p0k377</CEDD>
               
               
               <ColorLayout>f1p0k36</ColorLayout>
               
               
               <EdgeHistogram>f0p0k666</EdgeHistogram>
               
               
               <FCTH>f4p0k1133</FCTH>
               
               
               <SemanticContext60>f3p0k277</SemanticContext60>
            
            
            </globalImageFeatures>
         
         
         </region>
      
      
      </panel>
   
   
   </parentImage>
</eCitation>