<?xml version="1.0" encoding="utf-8"?>
<eCitation>
   <meta type="rr"/>
   <uId id="CXR772"/>
   <pmcId id="772"/>
   <docSource>CXR</docSource>
   <IUXRId id="772"/>
   <licenseType>open-access</licenseType>
   <licenseURL>http://creativecommons.org/licenses/by-nc-nd/4.0/</licenseURL>
   <ccLicense>byncnd</ccLicense>
   <articleURL/>
   <articleDate>2013-08-01</articleDate>
   <articleType>XR</articleType>
   <publisher>Indiana University</publisher>
   <title>Indiana University Chest X-ray Collection</title>
   <note>The data are drawn from multiple hospital systems.</note>
   <specialty>pulmonary diseases</specialty>
   <subset>CXR</subset>
   <MedlineCitation Owner="Indiana University" Status="supplied by publisher">
   
      <Article PubModel="Electronic">
      
         <Journal>
         
            <JournalIssue>
            
               <PubDate>
               
                  <Year>2013</Year>
               
                  <Month>08</Month>
               
                  <Day>01</Day>
            
               </PubDate>
         
            </JournalIssue>
      
         </Journal>
      
         <ArticleTitle>Indiana University Chest X-ray Collection</ArticleTitle>
      
         <Abstract>
         
            <AbstractText Label="COMPARISON"/>
         
            <AbstractText Label="INDICATION">The patient is a XXXX-year-old female with chest pain and XXXX onset right hand numbness and inability to XXXX. History of heart bypass surgery many years ago.</AbstractText>
         
            <AbstractText Label="FINDINGS">XXXX sternotomy XXXX and numerous mediastinal clips appear stable in position. There is aortic atherosclerotic calcification. The thoracic aorta is tortuous. Stable widening of the upper mediastinum. Stable cardiomegaly. Prominent mitral annular calcification demonstrated on the lateral view. No pneumothorax, pleural effusion or airspace consolidation. XXXX XXXX appear intact.</AbstractText>
         
            <AbstractText Label="IMPRESSION">1. No acute cardiopulmonary abnormality. 2. Stable cardiomegaly, tortuous thoracic aorta and atherosclerotic calcification. .</AbstractText>
      
         </Abstract>
      
         <Affiliation>Indiana University</Affiliation>
      
         <AuthorList CompleteYN="Y">
         
            <Author ValidYN="Y">
            
               <LastName>Kohli</LastName>
            
               <ForeName>Marc</ForeName>
            
               <Initials>MD</Initials>
         
            </Author>
         
            <Author ValidYN="Y">
            
               <LastName>Rosenman</LastName>
            
               <ForeName>Marc</ForeName>
            
               <Initials>M</Initials>
         
            </Author>
      
         </AuthorList>
      
         <Language>eng</Language>
      
         <PublicationTypeList>
         
            <PublicationType>Radiology Report</PublicationType>
      
         </PublicationTypeList>
      
         <ArticleDate>
         
            <Year>2013</Year>
         
            <Month>08</Month>
         
            <Day>01</Day>
      
         </ArticleDate>
   
      </Article>
   
      <EssieArticleTitle>Indiana University Chest X-ray Collection</EssieArticleTitle>
   
      <IMedAuthor>Marc David Kohli MD</IMedAuthor>
   
      <IMedAuthor>Marc Rosenman M</IMedAuthor>

   </MedlineCitation>
   <MeSH>
   
      <major>Surgical Instruments/mediastinum</major>
   
      <major>Atherosclerosis/aorta</major>
   
      <major>Aorta, Thoracic/tortuous</major>
   
      <major>Cardiomegaly</major>
   
      <major>Calcinosis/mitral valve/prominent</major>
   
      <major>Mediastinum/prominent</major>
   
      <automatic>mitral annular calcification</automatic>
   
      <automatic>sternotomy</automatic>
   
      <automatic>Calcinosis</automatic>
   
      <automatic>Cardiomegaly</automatic>
   
      <automatic>Thoracic Aorta</automatic>
   
      <automatic>Vascular Diseases</automatic>

   </MeSH>
   <parentImage id="CXR772_IM-2317-0001-0002">
      
      
      <figureId>F2</figureId>
      
      
      <caption>Xray Chest PA and Lateral</caption>
      
      
      <panel type="single">
         
         
         <url>/hadoop/storage/radiology/extract/CXR772_IM-2317-0001-0002.jpg</url>
         
         
         <imgModality>7</imgModality>
         
         
         <region type="panel">
            
            
            <globalImageFeatures>
               
               
               <CEDD>f2p0k1013</CEDD>
               
               
               <ColorLayout>f1p0k36</ColorLayout>
               
               
               <EdgeHistogram>f0p0k184</EdgeHistogram>
               
               
               <FCTH>f4p0k28</FCTH>
               
               
               <SemanticContext60>f3p0k277</SemanticContext60>
            
            
            </globalImageFeatures>
         
         
         </region>
      
      
      </panel>
   
   
   </parentImage>
</eCitation>