<?xml version="1.0" encoding="utf-8"?>
<eCitation>
   <meta type="rr"/>
   <uId id="CXR816"/>
   <pmcId id="816"/>
   <docSource>CXR</docSource>
   <IUXRId id="816"/>
   <licenseType>open-access</licenseType>
   <licenseURL>http://creativecommons.org/licenses/by-nc-nd/4.0/</licenseURL>
   <ccLicense>byncnd</ccLicense>
   <articleURL/>
   <articleDate>2013-08-01</articleDate>
   <articleType>XR</articleType>
   <publisher>Indiana University</publisher>
   <title>Indiana University Chest X-ray Collection</title>
   <note>The data are drawn from multiple hospital systems.</note>
   <specialty>pulmonary diseases</specialty>
   <subset>CXR</subset>
   <MedlineCitation Owner="Indiana University" Status="supplied by publisher">
   
      <Article PubModel="Electronic">
      
         <Journal>
         
            <JournalIssue>
            
               <PubDate>
               
                  <Year>2013</Year>
               
                  <Month>08</Month>
               
                  <Day>01</Day>
            
               </PubDate>
         
            </JournalIssue>
      
         </Journal>
      
         <ArticleTitle>Indiana University Chest X-ray Collection</ArticleTitle>
      
         <Abstract>
         
            <AbstractText Label="COMPARISON"/>
         
            <AbstractText Label="INDICATION">Followup pneumonia</AbstractText>
         
            <AbstractText Label="FINDINGS">XXXX XXXX and lateral chest examination was obtained. The heart silhouette and mediastinal contours are not enlarged. Cardiac pacemaker leads are within right atrium and ventricle. There is stable XXXX tube. Lungs demonstrate left lower lobe of he states he may be atelectasis or pneumonia. There is small left-sided effusion. No pneumothorax.</AbstractText>
         
            <AbstractText Label="IMPRESSION">1. Left lower lobe atelectasis or pneumonia with small pleural effusion.</AbstractText>
      
         </Abstract>
      
         <Affiliation>Indiana University</Affiliation>
      
         <AuthorList CompleteYN="Y">
         
            <Author ValidYN="Y">
            
               <LastName>Kohli</LastName>
            
               <ForeName>Marc</ForeName>
            
               <Initials>MD</Initials>
         
            </Author>
         
            <Author ValidYN="Y">
            
               <LastName>Rosenman</LastName>
            
               <ForeName>Marc</ForeName>
            
               <Initials>M</Initials>
         
            </Author>
      
         </AuthorList>
      
         <Language>eng</Language>
      
         <PublicationTypeList>
         
            <PublicationType>Radiology Report</PublicationType>
      
         </PublicationTypeList>
      
         <ArticleDate>
         
            <Year>2013</Year>
         
            <Month>08</Month>
         
            <Day>01</Day>
      
         </ArticleDate>
   
      </Article>
   
      <EssieArticleTitle>Indiana University Chest X-ray Collection</EssieArticleTitle>
   
      <IMedAuthor>Marc David Kohli MD</IMedAuthor>
   
      <IMedAuthor>Marc Rosenman M</IMedAuthor>

   </MedlineCitation>
   <MeSH>
   
      <major>Implanted Medical Device/right</major>
   
      <major>Tube, Inserted</major>
   
      <major>Pleural Effusion/left/small</major>
   
      <major>Pulmonary Atelectasis/lower lobe/left</major>
   
      <major>Pneumonia/lower lobe/left</major>
   
      <automatic>atelectases</automatic>
   
      <automatic>effusion</automatic>
   
      <automatic>pleural effusions</automatic>
   
      <automatic>pneumonia</automatic>
   
      <automatic>Atelectasis</automatic>
   
      <automatic>Pleural Effusion</automatic>
   
      <automatic>Pneumonia</automatic>

   </MeSH>
</eCitation>