<?xml version="1.0" encoding="utf-8"?>
<eCitation>
   <meta type="rr"/>
   <uId id="CXR867"/>
   <pmcId id="867"/>
   <docSource>CXR</docSource>
   <IUXRId id="867"/>
   <licenseType>open-access</licenseType>
   <licenseURL>http://creativecommons.org/licenses/by-nc-nd/4.0/</licenseURL>
   <ccLicense>byncnd</ccLicense>
   <articleURL/>
   <articleDate>2013-08-01</articleDate>
   <articleType>XR</articleType>
   <publisher>Indiana University</publisher>
   <title>Indiana University Chest X-ray Collection</title>
   <note>The data are drawn from multiple hospital systems.</note>
   <specialty>pulmonary diseases</specialty>
   <subset>CXR</subset>
   <MedlineCitation Owner="Indiana University" Status="supplied by publisher">
   
      <Article PubModel="Electronic">
      
         <Journal>
         
            <JournalIssue>
            
               <PubDate>
               
                  <Year>2013</Year>
               
                  <Month>08</Month>
               
                  <Day>01</Day>
            
               </PubDate>
         
            </JournalIssue>
      
         </Journal>
      
         <ArticleTitle>Indiana University Chest X-ray Collection</ArticleTitle>
      
         <Abstract>
         
            <AbstractText Label="COMPARISON">None</AbstractText>
         
            <AbstractText Label="INDICATION">XXXX-year-old female, pain</AbstractText>
         
            <AbstractText Label="FINDINGS">Heart size near top normal, bilateral hilar fullness nonspecific in appearance, mild aortic ectasia/tortuosity. Diaphragm flattening and relative apical lucencies suggestive of emphysema, XXXX and irregular interstitial markings, right greater than left. Prominent left epicardial fat XXXX, no focal alveolar consolidation, no definite pleural effusion seen. Atrial septal occluder artifact. Mild spine curvature.</AbstractText>
         
            <AbstractText Label="IMPRESSION">Borderline heart size and abnormal interstitial pulmonary pattern which may be compatible with chronic interstitial change, differential diagnosis is XXXX and includes asymmetric pulmonary edema, inflammation, atypical infection, infiltrative process. Comparison with previous exams would be of XXXX. Bilateral hilar fullness may indicate pulmonary hypertension and clinical correlation is recommended, differential diagnosis reactive lymphadenopathy, metastatic disease.</AbstractText>
      
         </Abstract>
      
         <Affiliation>Indiana University</Affiliation>
      
         <AuthorList CompleteYN="Y">
         
            <Author ValidYN="Y">
            
               <LastName>Kohli</LastName>
            
               <ForeName>Marc</ForeName>
            
               <Initials>MD</Initials>
         
            </Author>
         
            <Author ValidYN="Y">
            
               <LastName>Rosenman</LastName>
            
               <ForeName>Marc</ForeName>
            
               <Initials>M</Initials>
         
            </Author>
      
         </AuthorList>
      
         <Language>eng</Language>
      
         <PublicationTypeList>
         
            <PublicationType>Radiology Report</PublicationType>
      
         </PublicationTypeList>
      
         <ArticleDate>
         
            <Year>2013</Year>
         
            <Month>08</Month>
         
            <Day>01</Day>
      
         </ArticleDate>
   
      </Article>
   
      <EssieArticleTitle>Indiana University Chest X-ray Collection</EssieArticleTitle>
   
      <IMedAuthor>Marc David Kohli MD</IMedAuthor>
   
      <IMedAuthor>Marc Rosenman M</IMedAuthor>

   </MedlineCitation>
   <MeSH>
   
      <major>Aorta/tortuous/mild</major>
   
      <major>Diaphragm/flattened</major>
   
      <major>Lung, Hyperlucent/apex</major>
   
      <major>Markings/lung/interstitial/irregular</major>
   
      <major>Epicardial Fat/left/prominent</major>
   
      <major>Implanted Medical Device/heart atria</major>
   
      <automatic>aortic ectasia</automatic>
   
      <automatic>emphysemas</automatic>
   
      <automatic>infection</automatic>
   
      <automatic>metastatic disease</automatic>
   
      <automatic>pulmonary hypertension</automatic>
   
      <automatic>spine curvature</automatic>
   
      <automatic>Inflammation</automatic>
   
      <automatic>Lymphatic Diseases</automatic>
   
      <automatic>Pulmonary Edema</automatic>
   
      <automatic>Pulmonary Emphysema</automatic>
   
      <automatic>Pulmonary Hypertension</automatic>

   </MeSH>
   <parentImage id="CXR867_IM-2387-1001">
      
      
      <figureId>F1</figureId>
      
      
      <caption>AP and lateral chest</caption>
      
      
      <panel type="single">
         
         
         <url>/hadoop/storage/radiology/extract/CXR867_IM-2387-1001.jpg</url>
         
         
         <imgModality>7</imgModality>
         
         
         <region type="panel">
            
            
            <globalImageFeatures>
               
               
               <CEDD>f2p0k710</CEDD>
               
               
               <ColorLayout>f1p0k137</ColorLayout>
               
               
               <EdgeHistogram>f0p0k184</EdgeHistogram>
               
               
               <FCTH>f4p0k369</FCTH>
               
               
               <SemanticContext60>f3p0k74</SemanticContext60>
            
            
            </globalImageFeatures>
         
         
         </region>
      
      
      </panel>
   
   
   </parentImage>
   <parentImage id="CXR867_IM-2387-2001">
      
      
      <figureId>F2</figureId>
      
      
      <caption>AP and lateral chest</caption>
      
      
      <panel type="single">
         
         
         <url>/hadoop/storage/radiology/extract/CXR867_IM-2387-2001.jpg</url>
         
         
         <imgModality>7</imgModality>
         
         
         <region type="panel">
            
            
            <globalImageFeatures>
               
               
               <CEDD>f2p0k377</CEDD>
               
               
               <ColorLayout>f1p0k129</ColorLayout>
               
               
               <EdgeHistogram>f0p0k666</EdgeHistogram>
               
               
               <FCTH>f4p0k1133</FCTH>
               
               
               <SemanticContext60>f3p0k191</SemanticContext60>
            
            
            </globalImageFeatures>
         
         
         </region>
      
      
      </panel>
   
   
   </parentImage>
</eCitation>