<?xml version="1.0" encoding="utf-8"?>
<eCitation>
   <meta type="rr"/>
   <uId id="CXR875"/>
   <pmcId id="875"/>
   <docSource>CXR</docSource>
   <IUXRId id="875"/>
   <licenseType>open-access</licenseType>
   <licenseURL>http://creativecommons.org/licenses/by-nc-nd/4.0/</licenseURL>
   <ccLicense>byncnd</ccLicense>
   <articleURL/>
   <articleDate>2013-08-01</articleDate>
   <articleType>XR</articleType>
   <publisher>Indiana University</publisher>
   <title>Indiana University Chest X-ray Collection</title>
   <note>The data are drawn from multiple hospital systems.</note>
   <specialty>pulmonary diseases</specialty>
   <subset>CXR</subset>
   <MedlineCitation Owner="Indiana University" Status="supplied by publisher">
   
      <Article PubModel="Electronic">
      
         <Journal>
         
            <JournalIssue>
            
               <PubDate>
               
                  <Year>2013</Year>
               
                  <Month>08</Month>
               
                  <Day>01</Day>
            
               </PubDate>
         
            </JournalIssue>
      
         </Journal>
      
         <ArticleTitle>Indiana University Chest X-ray Collection</ArticleTitle>
      
         <Abstract>
         
            <AbstractText Label="COMPARISON">chest XXXX, XXXX.</AbstractText>
         
            <AbstractText Label="INDICATION">PRE-OP XXXX</AbstractText>
         
            <AbstractText Label="FINDINGS">Chest. The heart and lungs have XXXX XXXX in the interval. Both lungs are clear and expanded. Heart and mediastinum normal. Left knee. The right total knee prosthesis remains in XXXX. The medial compartment is markedly narrow. Large osteophytes are present on the left femur and tibial lateral plateaus.</AbstractText>
         
            <AbstractText Label="IMPRESSION">1. Chest. No active disease. 2. The knee. Advanced degenerative joint disease.</AbstractText>
      
         </Abstract>
      
         <Affiliation>Indiana University</Affiliation>
      
         <AuthorList CompleteYN="Y">
         
            <Author ValidYN="Y">
            
               <LastName>Kohli</LastName>
            
               <ForeName>Marc</ForeName>
            
               <Initials>MD</Initials>
         
            </Author>
         
            <Author ValidYN="Y">
            
               <LastName>Rosenman</LastName>
            
               <ForeName>Marc</ForeName>
            
               <Initials>M</Initials>
         
            </Author>
      
         </AuthorList>
      
         <Language>eng</Language>
      
         <PublicationTypeList>
         
            <PublicationType>Radiology Report</PublicationType>
      
         </PublicationTypeList>
      
         <ArticleDate>
         
            <Year>2013</Year>
         
            <Month>08</Month>
         
            <Day>01</Day>
      
         </ArticleDate>
   
      </Article>
   
      <EssieArticleTitle>Indiana University Chest X-ray Collection</EssieArticleTitle>
   
      <IMedAuthor>Marc David Kohli MD</IMedAuthor>
   
      <IMedAuthor>Marc Rosenman M</IMedAuthor>

   </MedlineCitation>
   <MeSH>
   
      <major>No Indexing</major>
   
      <automatic>degenerative joint disease</automatic>
   
      <automatic>osteophytes</automatic>
   
      <automatic>prostheses</automatic>
   
      <automatic>Arthroplasty, Replacement, Knee</automatic>
   
      <automatic>Exostoses</automatic>
   
      <automatic>Femur</automatic>
   
      <automatic>Knee Joint</automatic>
   
      <automatic>Knee Prosthesis</automatic>
   
      <automatic>Osteoarthritis</automatic>
   
      <automatic>Osteoarthritis, Knee</automatic>
   
      <automatic>Osteophytes</automatic>

   </MeSH>
   <parentImage id="CXR875_IM-2392-1001">
      
      
      <figureId>F1</figureId>
      
      
      <caption>Two-view chest; left KNEE 1-2 VIEWS XXXX, XXXX XXXX XXXX </caption>
      
      
      <panel type="single">
         
         
         <url>/hadoop/storage/radiology/extract/CXR875_IM-2392-1001.jpg</url>
         
         
         <imgModality>7</imgModality>
         
         
         <region type="panel">
            
            
            <globalImageFeatures>
               
               
               <CEDD>f2p0k750</CEDD>
               
               
               <ColorLayout>f1p0k36</ColorLayout>
               
               
               <EdgeHistogram>f0p0k184</EdgeHistogram>
               
               
               <FCTH>f4p0k28</FCTH>
               
               
               <SemanticContext60>f3p0k277</SemanticContext60>
            
            
            </globalImageFeatures>
         
         
         </region>
      
      
      </panel>
   
   
   </parentImage>
</eCitation>