<?xml version="1.0" encoding="utf-8"?>
<eCitation>
   <meta type="rr"/>
   <uId id="CXR897"/>
   <pmcId id="897"/>
   <docSource>CXR</docSource>
   <IUXRId id="897"/>
   <licenseType>open-access</licenseType>
   <licenseURL>http://creativecommons.org/licenses/by-nc-nd/4.0/</licenseURL>
   <ccLicense>byncnd</ccLicense>
   <articleURL/>
   <articleDate>2013-08-01</articleDate>
   <articleType>XR</articleType>
   <publisher>Indiana University</publisher>
   <title>Indiana University Chest X-ray Collection</title>
   <note>The data are drawn from multiple hospital systems.</note>
   <specialty>pulmonary diseases</specialty>
   <subset>CXR</subset>
   <MedlineCitation Owner="Indiana University" Status="supplied by publisher">
   
      <Article PubModel="Electronic">
      
         <Journal>
         
            <JournalIssue>
            
               <PubDate>
               
                  <Year>2013</Year>
               
                  <Month>08</Month>
               
                  <Day>01</Day>
            
               </PubDate>
         
            </JournalIssue>
      
         </Journal>
      
         <ArticleTitle>Indiana University Chest X-ray Collection</ArticleTitle>
      
         <Abstract>
         
            <AbstractText Label="COMPARISON">AP chest dated XXXX.</AbstractText>
         
            <AbstractText Label="INDICATION">XXXX-year-old female with dyspnea.</AbstractText>
         
            <AbstractText Label="FINDINGS">There are patchy alveolar and interstitial opacities within the lung bases bilaterally representing an infectious etiology versus chronic lung disease. There is no evidence of pneumothorax or large pleural effusion. The cardiac silhouette is enlarged. There are atherosclerotic calcifications of the aortic XXXX. There are degenerative changes throughout the thoracic spine.</AbstractText>
         
            <AbstractText Label="IMPRESSION">Patchy alveolar and interstitial opacities within the lung bases bilaterally representing an infectious etiology versus chronic lung disease.</AbstractText>
      
         </Abstract>
      
         <Affiliation>Indiana University</Affiliation>
      
         <AuthorList CompleteYN="Y">
         
            <Author ValidYN="Y">
            
               <LastName>Kohli</LastName>
            
               <ForeName>Marc</ForeName>
            
               <Initials>MD</Initials>
         
            </Author>
         
            <Author ValidYN="Y">
            
               <LastName>Rosenman</LastName>
            
               <ForeName>Marc</ForeName>
            
               <Initials>M</Initials>
         
            </Author>
      
         </AuthorList>
      
         <Language>eng</Language>
      
         <PublicationTypeList>
         
            <PublicationType>Radiology Report</PublicationType>
      
         </PublicationTypeList>
      
         <ArticleDate>
         
            <Year>2013</Year>
         
            <Month>08</Month>
         
            <Day>01</Day>
      
         </ArticleDate>
   
      </Article>
   
      <EssieArticleTitle>Indiana University Chest X-ray Collection</EssieArticleTitle>
   
      <IMedAuthor>Marc David Kohli MD</IMedAuthor>
   
      <IMedAuthor>Marc Rosenman M</IMedAuthor>

   </MedlineCitation>
   <MeSH>
   
      <major>Opacity/lung/base/bilateral/interstitial/patchy</major>
   
      <major>Opacity/lung/base/pulmonary alveoli/bilateral/patchy</major>
   
      <major>Cardiac Shadow/enlarged</major>
   
      <major>Atherosclerosis/aorta</major>
   
      <major>Thoracic Vertebrae/degenerative</major>
   
      <automatic>chronic lung disease</automatic>
   
      <automatic>degenerative change</automatic>
   
      <automatic>opacity</automatic>
   
      <automatic>Chronic Disease</automatic>
   
      <automatic>Lung Diseases</automatic>

   </MeSH>
   <parentImage id="CXR897_IM-2406-1001">
      
      
      <figureId>F1</figureId>
      
      
      <caption>Chest 2 views dated XXXX at XXXX hours. </caption>
      
      
      <panel type="single">
         
         
         <url>/hadoop/storage/radiology/extract/CXR897_IM-2406-1001.jpg</url>
         
         
         <imgModality>7</imgModality>
         
         
         <region type="panel">
            
            
            <globalImageFeatures>
               
               
               <CEDD>f2p0k1362</CEDD>
               
               
               <ColorLayout>f1p0k147</ColorLayout>
               
               
               <EdgeHistogram>f0p0k184</EdgeHistogram>
               
               
               <FCTH>f4p0k1972</FCTH>
               
               
               <SemanticContext60>f3p0k138</SemanticContext60>
            
            
            </globalImageFeatures>
         
         
         </region>
      
      
      </panel>
   
   
   </parentImage>
   <parentImage id="CXR897_IM-2406-2001">
      
      
      <figureId>F2</figureId>
      
      
      <caption>Chest 2 views dated XXXX at XXXX hours. </caption>
      
      
      <panel type="single">
         
         
         <url>/hadoop/storage/radiology/extract/CXR897_IM-2406-2001.jpg</url>
         
         
         <imgModality>7</imgModality>
         
         
         <region type="panel">
            
            
            <globalImageFeatures>
               
               
               <CEDD>f2p0k633</CEDD>
               
               
               <ColorLayout>f1p0k33</ColorLayout>
               
               
               <EdgeHistogram>f0p0k518</EdgeHistogram>
               
               
               <FCTH>f4p0k369</FCTH>
               
               
               <SemanticContext60>f3p0k74</SemanticContext60>
            
            
            </globalImageFeatures>
         
         
         </region>
      
      
      </panel>
   
   
   </parentImage>
</eCitation>