<?xml version="1.0" encoding="utf-8"?>
<eCitation>
   <meta type="rr"/>
   <uId id="CXR934"/>
   <pmcId id="934"/>
   <docSource>CXR</docSource>
   <IUXRId id="934"/>
   <licenseType>open-access</licenseType>
   <licenseURL>http://creativecommons.org/licenses/by-nc-nd/4.0/</licenseURL>
   <ccLicense>byncnd</ccLicense>
   <articleURL/>
   <articleDate>2013-08-01</articleDate>
   <articleType>XR</articleType>
   <publisher>Indiana University</publisher>
   <title>Indiana University Chest X-ray Collection</title>
   <note>The data are drawn from multiple hospital systems.</note>
   <specialty>pulmonary diseases</specialty>
   <subset>CXR</subset>
   <MedlineCitation Owner="Indiana University" Status="supplied by publisher">
   
      <Article PubModel="Electronic">
      
         <Journal>
         
            <JournalIssue>
            
               <PubDate>
               
                  <Year>2013</Year>
               
                  <Month>08</Month>
               
                  <Day>01</Day>
            
               </PubDate>
         
            </JournalIssue>
      
         </Journal>
      
         <ArticleTitle>Indiana University Chest X-ray Collection</ArticleTitle>
      
         <Abstract>
         
            <AbstractText Label="COMPARISON">None.</AbstractText>
         
            <AbstractText Label="INDICATION">Asthma</AbstractText>
         
            <AbstractText Label="FINDINGS">Cardiomediastinal silhouette is within normal limits of size In appearance. Pulmonary vascularity is unremarkable. There are diffuse, bilateral interstitial opacities, with XXXX B lines demonstrated. Small amount of subpleural edema is demonstrated in the fissures. There is mild blunting of both posterior costophrenic sulci, which may reflect XXXX effusions. Negative for pneumothorax. Limited evaluation reveals the XXXX XXXX the grossly intact.</AbstractText>
         
            <AbstractText Label="IMPRESSION">1. Heart failure with pulmonary edema.</AbstractText>
      
         </Abstract>
      
         <Affiliation>Indiana University</Affiliation>
      
         <AuthorList CompleteYN="Y">
         
            <Author ValidYN="Y">
            
               <LastName>Kohli</LastName>
            
               <ForeName>Marc</ForeName>
            
               <Initials>MD</Initials>
         
            </Author>
         
            <Author ValidYN="Y">
            
               <LastName>Rosenman</LastName>
            
               <ForeName>Marc</ForeName>
            
               <Initials>M</Initials>
         
            </Author>
      
         </AuthorList>
      
         <Language>eng</Language>
      
         <PublicationTypeList>
         
            <PublicationType>Radiology Report</PublicationType>
      
         </PublicationTypeList>
      
         <ArticleDate>
         
            <Year>2013</Year>
         
            <Month>08</Month>
         
            <Day>01</Day>
      
         </ArticleDate>
   
      </Article>
   
      <EssieArticleTitle>Indiana University Chest X-ray Collection</EssieArticleTitle>
   
      <IMedAuthor>Marc David Kohli MD</IMedAuthor>
   
      <IMedAuthor>Marc Rosenman M</IMedAuthor>

   </MedlineCitation>
   <MeSH>
   
      <major>Opacity/lung/bilateral/interstitial/diffuse</major>
   
      <major>Pulmonary Edema/mild</major>
   
      <major>Costophrenic Angle/sulcus/bilateral/blunted/mild</major>
   
      <major>Heart Failure</major>
   
      <automatic>edemas</automatic>
   
      <automatic>effusion</automatic>
   
      <automatic>heart failure</automatic>
   
      <automatic>opacity</automatic>
   
      <automatic>pulmonary edema</automatic>
   
      <automatic>Heart Failure</automatic>
   
      <automatic>Pulmonary Edema</automatic>

   </MeSH>
   <parentImage id="CXR934_IM-2432-1001">
      
      
      <figureId>F1</figureId>
      
      
      <caption>PA AND LATERAL VIEWS OF THE CHEST dated XXXX at XXXX hours </caption>
      
      
      <panel type="single">
         
         
         <url>/hadoop/storage/radiology/extract/CXR934_IM-2432-1001.jpg</url>
         
         
         <imgModality>7</imgModality>
         
         
         <region type="panel">
            
            
            <globalImageFeatures>
               
               
               <CEDD>f2p0k1013</CEDD>
               
               
               <ColorLayout>f1p0k36</ColorLayout>
               
               
               <EdgeHistogram>f0p0k97</EdgeHistogram>
               
               
               <FCTH>f4p0k1142</FCTH>
               
               
               <SemanticContext60>f3p0k223</SemanticContext60>
            
            
            </globalImageFeatures>
         
         
         </region>
      
      
      </panel>
   
   
   </parentImage>
   <parentImage id="CXR934_IM-2432-2001">
      
      
      <figureId>F2</figureId>
      
      
      <caption>PA AND LATERAL VIEWS OF THE CHEST dated XXXX at XXXX hours </caption>
      
      
      <panel type="single">
         
         
         <url>/hadoop/storage/radiology/extract/CXR934_IM-2432-2001.jpg</url>
         
         
         <imgModality>7</imgModality>
         
         
         <region type="panel">
            
            
            <globalImageFeatures>
               
               
               <CEDD>f2p0k633</CEDD>
               
               
               <ColorLayout>f1p0k83</ColorLayout>
               
               
               <EdgeHistogram>f0p0k518</EdgeHistogram>
               
               
               <FCTH>f4p0k2423</FCTH>
               
               
               <SemanticContext60>f3p0k366</SemanticContext60>
            
            
            </globalImageFeatures>
         
         
         </region>
      
      
      </panel>
   
   
   </parentImage>
</eCitation>