<?xml version="1.0" encoding="utf-8"?>
<eCitation>
   <meta type="rr"/>
   <uId id="CXR973"/>
   <pmcId id="973"/>
   <docSource>CXR</docSource>
   <IUXRId id="973"/>
   <licenseType>open-access</licenseType>
   <licenseURL>http://creativecommons.org/licenses/by-nc-nd/4.0/</licenseURL>
   <ccLicense>byncnd</ccLicense>
   <articleURL/>
   <articleDate>2013-08-01</articleDate>
   <articleType>XR</articleType>
   <publisher>Indiana University</publisher>
   <title>Indiana University Chest X-ray Collection</title>
   <note>The data are drawn from multiple hospital systems.</note>
   <specialty>pulmonary diseases</specialty>
   <subset>CXR</subset>
   <MedlineCitation Owner="Indiana University" Status="supplied by publisher">
   
      <Article PubModel="Electronic">
      
         <Journal>
         
            <JournalIssue>
            
               <PubDate>
               
                  <Year>2013</Year>
               
                  <Month>08</Month>
               
                  <Day>01</Day>
            
               </PubDate>
         
            </JournalIssue>
      
         </Journal>
      
         <ArticleTitle>Indiana University Chest X-ray Collection</ArticleTitle>
      
         <Abstract>
         
            <AbstractText Label="COMPARISON">None.</AbstractText>
         
            <AbstractText Label="INDICATION">This is a XXXX-year-old female patient with XXXX.</AbstractText>
         
            <AbstractText Label="FINDINGS"/>
         
            <AbstractText Label="IMPRESSION">The cardiac silhouette is normal in size and configuration. Mediastinum and perihilar structures remarkable for vascular calcifications involving the aortic XXXX. This is consistent with atherosclerotic disease. In addition, marked prominence is noted to the pulmonary arteries in the perihilar location. Although the heart is not enlarged, this is concerning for concern for pulmonary arterial hypertension. There is calcified granuloma noted in the right lower lobe. Some interstitial prominence is noted at the left costophrenic XXXX greater than right. A subtle infiltrate cannot be excluded. The osseous structures are remarkable for degenerative changes.</AbstractText>
      
         </Abstract>
      
         <Affiliation>Indiana University</Affiliation>
      
         <AuthorList CompleteYN="Y">
         
            <Author ValidYN="Y">
            
               <LastName>Kohli</LastName>
            
               <ForeName>Marc</ForeName>
            
               <Initials>MD</Initials>
         
            </Author>
         
            <Author ValidYN="Y">
            
               <LastName>Rosenman</LastName>
            
               <ForeName>Marc</ForeName>
            
               <Initials>M</Initials>
         
            </Author>
      
         </AuthorList>
      
         <Language>eng</Language>
      
         <PublicationTypeList>
         
            <PublicationType>Radiology Report</PublicationType>
      
         </PublicationTypeList>
      
         <ArticleDate>
         
            <Year>2013</Year>
         
            <Month>08</Month>
         
            <Day>01</Day>
      
         </ArticleDate>
   
      </Article>
   
      <EssieArticleTitle>Indiana University Chest X-ray Collection</EssieArticleTitle>
   
      <IMedAuthor>Marc David Kohli MD</IMedAuthor>
   
      <IMedAuthor>Marc Rosenman M</IMedAuthor>

   </MedlineCitation>
   <MeSH>
   
      <major>Atherosclerosis/aorta</major>
   
      <major>Pulmonary Artery/hilum/prominent</major>
   
      <major>Hypertension, Pulmonary</major>
   
      <major>Calcified Granuloma/lung/lower lobe/right</major>
   
      <automatic>calcified granuloma</automatic>
   
      <automatic>degenerative change</automatic>
   
      <automatic>infiltrates</automatic>
   
      <automatic>pulmonary arterial hypertension</automatic>
   
      <automatic>vascular calcification</automatic>
   
      <automatic>Granuloma</automatic>
   
      <automatic>Hypertension, Pulmonary</automatic>
   
      <automatic>Pulmonary arterial hypertension</automatic>
   
      <automatic>Pulmonary Arteries</automatic>
   
      <automatic>Vascular Calcifications</automatic>

   </MeSH>
   <parentImage id="CXR973_IM-2462-1001">
      
      
      <figureId>F1</figureId>
      
      
      <caption>CHEST PA and LATERAL: on XXXX, XXXX. </caption>
      
      
      <panel type="single">
         
         
         <url>/hadoop/storage/radiology/extract/CXR973_IM-2462-1001.jpg</url>
         
         
         <imgModality>7</imgModality>
         
         
         <region type="panel">
            
            
            <globalImageFeatures>
               
               
               <CEDD>f2p0k1297</CEDD>
               
               
               <ColorLayout>f1p0k65</ColorLayout>
               
               
               <EdgeHistogram>f0p0k184</EdgeHistogram>
               
               
               <FCTH>f4p0k1972</FCTH>
               
               
               <SemanticContext60>f3p0k223</SemanticContext60>
            
            
            </globalImageFeatures>
         
         
         </region>
      
      
      </panel>
   
   
   </parentImage>
   <parentImage id="CXR973_IM-2462-2001">
      
      
      <figureId>F2</figureId>
      
      
      <caption>CHEST PA and LATERAL: on XXXX, XXXX. </caption>
      
      
      <panel type="single">
         
         
         <url>/hadoop/storage/radiology/extract/CXR973_IM-2462-2001.jpg</url>
         
         
         <imgModality>7</imgModality>
         
         
         <region type="panel">
            
            
            <globalImageFeatures>
               
               
               <CEDD>f2p0k1056</CEDD>
               
               
               <ColorLayout>f1p0k151</ColorLayout>
               
               
               <EdgeHistogram>f0p0k436</EdgeHistogram>
               
               
               <FCTH>f4p0k1394</FCTH>
               
               
               <SemanticContext60>f3p0k132</SemanticContext60>
            
            
            </globalImageFeatures>
         
         
         </region>
      
      
      </panel>
   
   
   </parentImage>
</eCitation>