<?xml version="1.0" encoding="utf-8"?>
<eCitation>
   <meta type="rr"/>
   <uId id="CXR992"/>
   <pmcId id="992"/>
   <docSource>CXR</docSource>
   <IUXRId id="992"/>
   <licenseType>open-access</licenseType>
   <licenseURL>http://creativecommons.org/licenses/by-nc-nd/4.0/</licenseURL>
   <ccLicense>byncnd</ccLicense>
   <articleURL/>
   <articleDate>2013-08-01</articleDate>
   <articleType>XR</articleType>
   <publisher>Indiana University</publisher>
   <title>Indiana University Chest X-ray Collection</title>
   <note>The data are drawn from multiple hospital systems.</note>
   <specialty>pulmonary diseases</specialty>
   <subset>CXR</subset>
   <MedlineCitation Owner="Indiana University" Status="supplied by publisher">
   
      <Article PubModel="Electronic">
      
         <Journal>
         
            <JournalIssue>
            
               <PubDate>
               
                  <Year>2013</Year>
               
                  <Month>08</Month>
               
                  <Day>01</Day>
            
               </PubDate>
         
            </JournalIssue>
      
         </Journal>
      
         <ArticleTitle>Indiana University Chest X-ray Collection</ArticleTitle>
      
         <Abstract>
         
            <AbstractText Label="COMPARISON">None</AbstractText>
         
            <AbstractText Label="INDICATION">MELANOMA</AbstractText>
         
            <AbstractText Label="FINDINGS">There are bilateral pulmonary nodules whose appearances suggest metastatic disease to lungs. In the right lung, there is a 1.9 x 2.1 cm nodule overlying the posterior right 6th rib. There is a 1.0 x 1.2 cm nodule XXXX above this in the interspace between the posterior 5th and 6th ribs on the right. There is a 1.0 x 1.1 cm nodule projecting through the left 9th and 10th interspaces on the PA view. If not already performed, contrast-enhanced XXXX would be XXXX suited to evaluate these findings. There are no focal airspace opacities to suggest pneumonia. To the stomach contours appear grossly clear. Heart size and pulmonary XXXX appear normal. There are left-sided axillary clips. There is a right internal jugular central catheter, the distal tip in right atrium.</AbstractText>
         
            <AbstractText Label="IMPRESSION">1. Bilateral pulmonary nodules suggesting pulmonary metastases 2. Right internal jugular central catheter, the distal tip in the right atrium.</AbstractText>
      
         </Abstract>
      
         <Affiliation>Indiana University</Affiliation>
      
         <AuthorList CompleteYN="Y">
         
            <Author ValidYN="Y">
            
               <LastName>Kohli</LastName>
            
               <ForeName>Marc</ForeName>
            
               <Initials>MD</Initials>
         
            </Author>
         
            <Author ValidYN="Y">
            
               <LastName>Rosenman</LastName>
            
               <ForeName>Marc</ForeName>
            
               <Initials>M</Initials>
         
            </Author>
      
         </AuthorList>
      
         <Language>eng</Language>
      
         <PublicationTypeList>
         
            <PublicationType>Radiology Report</PublicationType>
      
         </PublicationTypeList>
      
         <ArticleDate>
         
            <Year>2013</Year>
         
            <Month>08</Month>
         
            <Day>01</Day>
      
         </ArticleDate>
   
      </Article>
   
      <EssieArticleTitle>Indiana University Chest X-ray Collection</EssieArticleTitle>
   
      <IMedAuthor>Marc David Kohli MD</IMedAuthor>
   
      <IMedAuthor>Marc Rosenman M</IMedAuthor>

   </MedlineCitation>
   <MeSH>
   
      <major>Nodule/lung/bilateral/multiple</major>
   
      <major>Surgical Instruments/left</major>
   
      <major>Catheters, Indwelling/right</major>
   
      <automatic>metastatic disease</automatic>
   
      <automatic>nodule</automatic>
   
      <automatic>opacity</automatic>
   
      <automatic>pulmonary metastasis</automatic>
   
      <automatic>Catheter</automatic>
   
      <automatic>Catheterization, Central Venous</automatic>
   
      <automatic>Jugular Veins</automatic>
   
      <automatic>Lung Neoplasms</automatic>
   
      <automatic>Right Atrium</automatic>

   </MeSH>
   <parentImage id="CXR992_IM-2477-0001-0001">
      
      
      <figureId>F1</figureId>
      
      
      <caption>PA and lateral views of the chest, XXXX, XXXX XXXX PM</caption>
      
      
      <panel type="single">
         
         
         <url>/hadoop/storage/radiology/extract/CXR992_IM-2477-0001-0001.jpg</url>
         
         
         <imgModality>7</imgModality>
         
         
         <region type="panel">
            
            
            <globalImageFeatures>
               
               
               <CEDD>f2p0k1522</CEDD>
               
               
               <ColorLayout>f1p0k83</ColorLayout>
               
               
               <EdgeHistogram>f0p0k518</EdgeHistogram>
               
               
               <FCTH>f4p0k302</FCTH>
               
               
               <SemanticContext60>f3p0k95</SemanticContext60>
            
            
            </globalImageFeatures>
         
         
         </region>
      
      
      </panel>
   
   
   </parentImage>
   <parentImage id="CXR992_IM-2477-0001-0002">
      
      
      <figureId>F2</figureId>
      
      
      <caption>PA and lateral views of the chest, XXXX, XXXX XXXX PM</caption>
      
      
      <panel type="single">
         
         
         <url>/hadoop/storage/radiology/extract/CXR992_IM-2477-0001-0002.jpg</url>
         
         
         <imgModality>7</imgModality>
         
         
         <region type="panel">
            
            
            <globalImageFeatures>
               
               
               <CEDD>f2p0k1013</CEDD>
               
               
               <ColorLayout>f1p0k36</ColorLayout>
               
               
               <EdgeHistogram>f0p0k184</EdgeHistogram>
               
               
               <FCTH>f4p0k1142</FCTH>
               
               
               <SemanticContext60>f3p0k277</SemanticContext60>
            
            
            </globalImageFeatures>
         
         
         </region>
      
      
      </panel>
   
   
   </parentImage>
</eCitation>